Id,NAME,ADDRESS,CITY,STATE,ZIP,LAT,LON,PHONE,REVENUE,UTILIZATION
f0f3445c-75b1-31d3-9268-4091d8c3a2ba,RIVERSIDE METHODIST HOSPITAL,3535 OLENTANGY RIVER RD,COLUMBUS,OH,43214,39.984799,-82.98504399999999,6145665000,0.0,10
ca4b1a4d-5f7f-3d05-99aa-635e0efc0146,MOUNT CARMEL ST ANN'S,500 SOUTH CLEVELAND AVENUE,WESTERVILLE,OH,43081,40.123435,-82.913324,6148984000,0.0,31
c0227244-2b3a-3c92-9299-8e9483ace7c3,GRANT MEDICAL CENTER,111 SOUTH GRANT AVENUE,COLUMBUS,OH,43215,39.984799,-82.98504399999999,6145669978,0.0,13
f01f35ff-902d-3e8b-a296-aa063c051437,MOUNT CARMEL WEST,793 WEST STATE STREET,COLUMBUS,OH,43222,39.984799,-82.98504399999999,6142345000,0.0,10
836162e7-dfdd-3d78-a108-54b8ab883ff9,MERCY HOSPITAL FAIRFIELD,3000 MACK ROAD,FAIRFIELD,OH,45014,39.847026,-83.29970300000002,5138707197,0.0,3
992497e4-2e04-3529-ace3-a13d222812f5,OHIO STATE UNIVERSITY HOSPITALS,410 WEST 10TH AVENUE,COLUMBUS,OH,43210,39.984799,-82.98504399999999,6142939700,0.0,15
89175f55-c4db-3811-9f02-ace98572541f,LAKE HEALTH,7590 AUBURN ROAD,CONCORD,OH,44077,40.220213,-83.146822,4409539600,0.0,1
fdd84f2e-dd2f-3912-976d-b1c0ae22d1d2,DOCTORS HOSPITAL,5100 WEST  BROAD STREET,COLUMBUS,OH,43228,39.984799,-82.98504399999999,6145441000,0.0,8
f41e456f-9a47-3c5e-b147-7c230da09287,WOODS AT PARKSIDE THE,349 OLDE RIDENOUR ROAD,COLUMBUS,OH,43230,39.984799,-82.98504399999999,6144712552,0.0,9
79389473-544e-30eb-a077-14b774d6fbfe,MOUNT CARMEL NEW ALBANY SURGICAL HOSPITAL,7333 SMITH'S MILL ROAD,NEW ALBANY,OH,43054,40.083073,-82.798908,6147756600,0.0,3
a207ee06-2a0a-38ae-874c-bc3c7ec32c9f,DUBLIN METHODIST HOSPITAL,7500 HOSPITAL AVENUE,DUBLIN,OH,43016,40.111304,-83.14431400000002,6145448000,0.0,28
a1d1bdc6-1829-31c8-b23d-cd8a04980419,DILEY RIDGE MEDICAL CENTER,7911 DILEY ROAD,CANAL WINCHESTER,OH,43110,39.839871,-82.81610699999997,6148387910,0.0,14
25ef4c15-3d4e-39ca-8b40-cde7937b3133,NATIONWIDE CHILDREN'S HOSPITAL,700 CHILDREN'S DRIVE,COLUMBUS,OH,43205,39.984799,-82.98504399999999,6147222000,0.0,17
84b6bfc8-948f-3cd2-b2f5-21927679ddc9,JACK STONEBURNER AND ASSOCIATES LLC,5655 N HIGH ST,WORTHINGTON,OH,43085-3958,40.096813,-83.020174,614-505-6977,0.0,110
97b83944-b20f-33cb-ae7a-c02c9cd5b224,MARK DRAKE DC LLC,1702 HILL RD N,PICKERINGTON,OH,43147-8880,39.890963,-82.7717,614-861-0898,0.0,98
b0e24437-d116-3ee5-8268-e21804e7510b,PCP1678,5791 ZARLEY ST B,NEW ALBANY,OH,43054-7091,40.083073,-82.798908,614-600-2225,0.0,25
be3e0954-69c0-3f6e-b300-950b2253e3e6,PCP2046,6827 N HIGH ST,WORTHINGTON,OH,43085-2517,40.096813,-83.020174,614-436-5070,0.0,33
06615f2f-fc35-3f94-b7c2-a17ac112bade,PCP3098,6180 LINWORTH RD,WORTHINGTON,OH,43085-2812,40.096813,-83.020174,614-848-5211,0.0,50
d888032e-5bcc-3d94-b0d0-c88a27f1f174,REYNOLDSBURG VISION ASSOCIATES INC,7721 E MAIN ST,REYNOLDSBURG,OH,43068-1211,39.959583,-82.79555400000001,614-861-0950,0.0,59
49428b31-4bc7-3540-9ae6-7a6446d16ddc,OHIO EAR INSTITUTE LLC,387 COUNTY LINE RD W,WESTERVILLE,OH,43082-6077,40.1168,-82.917456,614-891-9190,0.0,33
83a64a12-8de8-39d7-9a0a-3549a8e1f667,PCP5197,3736 N HIGH ST,COLUMBUS,OH,43214-3523,39.983784,-82.986659,614-262-1181,0.0,32
1756681f-41bf-3618-9cf5-14a01644b0ad,ALIX CHIROPRACTIC AND REHAB CENTER,6880 PERIMETER DR A,DUBLIN,OH,43016-8047,40.111304,-83.14431400000001,614-791-0077,0.0,66
5a97e6ae-f013-3110-8750-ca1080618d95,PCP9371,38 E COLUMBUS ST,PICKERINGTON,OH,43147-2316,39.890963,-82.7717,614-920-9902,0.0,57
965b675c-d5f6-3d61-aedf-2702ac48aff2,COLUMBUS CHIROPRACTIC AND REHABILITATION CENTER  INC.,6077 FRANTZ RD,DUBLIN,OH,43017-3373,40.111304,-83.14431400000001,614-389-4473,0.0,28
ded55f31-a025-3cfe-b663-ea9983085392,TRI-VILLAGE CHIROPRACTIC INC,1400 W 5TH AVE,COLUMBUS,OH,43212-2901,39.983784,-82.986659,614-486-6755,0.0,32
ea0124f3-455c-3607-9849-68c9aa233943,PCP11408,2691 E MAIN ST,BEXLEY,OH,43209-2535,39.965358,-82.93447900000001,614-231-2951,0.0,802
12c18dba-91e2-323e-95ae-94955f84026c,RICHARD C MCCLURG  OD AND WILLIAM MURRAY  OD LLC,20 S HIGH ST,CANAL WINCHESTER,OH,43110-1251,39.839871,-82.81610699999999,614-837-7725,0.0,67
0696b7cf-8506-380b-868b-3863e530f554,PCP12332,60 W COLUMBUS ST,PICKERINGTON,OH,43147-1256,39.890963,-82.7717,614-425-8617,0.0,93
949a1fd9-2bf3-3ab3-93b5-8c454e67bcbf,CENTRAL OHIO EYECARE  INC,71 CLAIREDAN DR,POWELL,OH,43065-8064,40.168677,-83.078774,614-438-0100,0.0,32
1621004b-e599-39af-950d-74ffa46d7223,PCP13019,881 HIGH ST,WORTHINGTON,OH,43085-4109,40.096813,-83.020174,614-847-1100,0.0,32
5f24f48a-9264-3f11-ad37-e0b62bc31a64,PCP13067,417 HILL RD N,PICKERINGTON,OH,43147-1310,39.890963,-82.7717,614-834-4364,0.0,106
623c94d1-bb4c-352f-b217-cb4a1ac7d557,MICHAEL S. BERK  O.D. INC.,943 E JOHNSTOWN RD,GAHANNA,OH,43230-1851,40.036747,-82.879862,614-476-2015,0.0,37
978ecbe1-1b8e-326c-b1af-04e54a333fdb,PCP14420,139 WATERFORD DR,DUBLIN,OH,43017-1148,40.111304,-83.14431400000001,614-529-9966,0.0,21
e603fe28-eb22-3f70-b106-e7a7adfd3691,PCP15761,7215 SAWMILL RD,DUBLIN,OH,43016-5001,40.111304,-83.14431400000001,614-761-1101,0.0,5
cd004f5a-8963-34f3-96b7-bf77836d0500,PCP17588,2049 STRINGTOWN RD,GROVE CITY,OH,43123-2930,39.866504,-83.066418,614-871-5656,0.0,29
31fedb9c-6758-3b4f-ac70-1925b4af0d40,SCIOTO EYE CARE,2203 STRINGTOWN RD,GROVE CITY,OH,43123-2928,39.866504,-83.066418,614-539-3937,0.0,29
313635ff-8a3a-3e29-9f75-9c557041a1fa,PCP18202,778 S CASSINGHAM RD,COLUMBUS,OH,43209-2404,39.983784,-82.986659,614-638-0060,0.0,74
7d9df9ac-9cfa-3f77-868b-00f40a17e2ad,PCP19316,870 HIGH ST,WORTHINGTON,OH,43085-4141,40.096813,-83.020174,614-888-2225,0.0,80
498d4fc8-dcbe-38cb-9716-e8fff386f426,PERIMETER WEST EYE CARE,6850 PERIMETER DR A,DUBLIN,OH,43016-8047,40.111304,-83.14431400000001,614-789-5559,0.0,47
b108becf-1db7-367c-9cb6-04eabf9337b8,POWELL VISION CENTER  INC,3998 POWELL RD,POWELL,OH,43065-7662,40.168677,-83.078774,614-336-3727,0.0,144
fdb7b142-c796-396f-a400-696f62701d3a,PCP20400,7625 HOSPITAL DR,DUBLIN,OH,43016-9649,40.111304,-83.14431400000001,614-717-1800,0.0,47
f20608d3-38c8-3619-a1bd-cea51f7d80da,PCP20677,830 E JOHNSONTOWN RD,GAHANNA,OH,43230-0001,40.036747,-82.879862,614-471-7949,0.0,33
e72408d7-cef0-30bf-87cf-9436d43417a9,WESLEY J HARNISH MD,550 S CLEVELAND AVE E,WESTERVILLE,OH,43081-8958,40.1168,-82.917456,614-899-2020,0.0,4
4865ea96-151c-3f01-9680-f7466e3f9bb6,PCP26332,3220 RIVERSIDE DR,UPPER ARLINGTON,OH,43221-1752,40.027587,-83.070722,614-459-7980,0.0,184
75319628-a75d-3b0a-b061-a6e331030513,PCP26466,73 MILL ST A,GAHANNA,OH,43230-3080,40.036747,-82.879862,614-478-9309,0.0,31
b06aecf2-e253-38a0-a26b-02356f7cfa36,PCP29176,6500 EMERALD PKWY,DUBLIN,OH,43016-6236,40.111304,-83.14431400000001,614-767-9354,0.0,21
ced1206a-7c63-33bd-a546-11c19785dcb0,PCP29530,3363 TREMONT RD,UPPER ARLINGTON,OH,43221-2110,40.027587,-83.070722,614-754-8661,0.0,123
8f9daf2a-e411-3f4a-a147-1b5c9188ae80,PCP30515,860 S 3RD ST,GERMAN VILLAGE,OH,43206-2008,39.984799,-82.98504399999999,614-444-5353,0.0,2122
d3d18710-54fd-35cb-9416-3b19f7365775,PCP30573,575 COPELAND MILL RD,WESTERVILLE,OH,43081-8977,40.1168,-82.917456,614-882-0021,0.0,39
ede326e3-9ca2-31f2-9143-fd74280779f7,PCP30578,5190 BLAZER PKWY,DUBLIN,OH,43017-1339,40.111304,-83.14431400000001,614-792-0702,0.0,29
fd5bef09-36f1-3540-a8e6-2aa489a26ce0,PCP31337,666 HIGH ST,WORTHINGTON,OH,43085-4135,40.096813,-83.020174,614-430-8920,0.0,109
d783e7a0-435c-3ff0-9b64-be1bd634610f,PCP32153,953 BRYDEN RD,COLUMBUS,OH,43205-1801,39.983784,-82.986659,614-258-4093,0.0,44
8761f04c-6a51-3f74-be44-e04af35f02d4,DISEASES OF THE EARS  NOSE AND THROAT  INC,600 TAYLOR STATION RD,GAHANNA,OH,43230-6293,40.036747,-82.879862,614-759-8811,0.0,83
c169fb77-3726-39d0-b995-ae9fd104de20,HERMANN AND HENRY EYECARE INC,650 HILL RD N,PICKERINGTON,OH,43147-9201,39.890963,-82.7717,614-833-2400,0.0,35
abd9505c-d516-346e-bd9f-b4161df05eb4,PCP36929,349 OLDE RIDENOUR RD,GAHANNA,OH,43230-2528,40.036747,-82.879862,614-471-2552,0.0,35
f717eb49-8b59-31ff-8163-d79e10c39673,EASTWIND WOMENS HEALTH INC,904 EASTWIND DR,WESTERVILLE,OH,43081-3329,40.1168,-82.917456,614-890-1914,0.0,45
18c4be93-d9d8-3e37-ae8b-3d2b3aedd4b6,AFFILIATED DERMATOLOGY  INC.,650 SHAWAN FALLS DR,DUBLIN,OH,43017-2100,40.111304,-83.14431400000001,614-764-1711,0.0,39
b1877ace-3a84-36b2-a7c9-8e641facf2c7,URGENT MEDICAL CARE OF PICKERINGTON,1797 HILL RD N,PICKERINGTON,OH,43147-7996,39.890963,-82.7717,614-755-6370,0.0,29
da437635-d9cc-3dad-b0e5-d17bdad6b4c6,JULIE M HEIDISH OD INC,3384 STATE ROUTE 752,ASHVILLE,OH,43103-9685,39.717202,-82.9487,740-983-6171,0.0,23
8cdd6049-6aca-3f12-9962-0c6b54dd34ae,PCP47836,693 /2 HIGH ST,WORTHINGTON,OH,43085-4168,40.096813,-83.020174,614-800-7091,0.0,33
38760887-5409-363c-a5de-ea63d881e803,PCP49984,2280 HENDERSON RD,UPPER ARLINGTON,OH,43220-2373,40.027587,-83.070722,412-916-9186,0.0,34
6e4d100d-84bd-35d2-9fb3-9dc7598b8dd4,COLUMBUS OPHTHALMOLOGY CENTER I LTD,6357 N HAMILTON RD,WESTERVILLE,OH,43081-1590,40.1168,-82.917456,614-939-1600,0.0,52
a21befdc-6f0c-349b-a331-73e0757308b7,PCP54455,15 BISHOP DR,WESTERVILLE,OH,43081-2276,40.1168,-82.917456,614-882-9331,0.0,36
35dfd920-4421-3f4b-93ea-118de5eb4818,OSUP COMMUNITY OUTREACH LLC,165 N MURRAY HILL RD,COLUMBUS,OH,43228-1585,39.983784,-82.986659,614-870-3669,0.0,14
60aba434-e81d-37d5-967e-1865bc0e9dc8,EYECARE PROFESSIONALS,9711 SAWMILL PKWY C,POWELL,OH,43065-6100,40.168677,-83.078774,614-793-0700,0.0,3
99d293ae-6a00-3890-a072-169162419a57,COMPREHENSIVE EYECARE OF CENTRAL OH  INC,450 ALKYRE RUN,WESTERVILLE,OH,43082-6910,40.1168,-82.917456,614-890-5692,0.0,101
67970537-d5c7-3834-a534-349d75174632,JOSEPH A. SHEHADI  MD  NEUROSURGERY ASSOCIATES  LLC,393 E TOWN ST,COLUMBUS,OH,43215-4741,39.983784,-82.986659,614-220-5648,0.0,26
eed175a0-9d98-3e98-8c55-ab0ba32a0a4c,PCP57032,71 E WILSON BRIDGE RD,WORTHINGTON,OH,43085-2358,40.096813,-83.020174,614-505-0646,0.0,68
e94aed04-71cc-35fc-9d04-d77373f84e76,WOMENS CARE CENTER OF COLUMBUS INC,1375 CHERRY WAY DR,GAHANNA,OH,43230-8700,40.036747,-82.879862,614-475-0811,0.0,39
c63deab8-fcc5-30f0-a0e9-be5d91aa67c0,PCP58178,3736 N HIGH ST,COLUMBUS,OH,43214-3523,39.983784,-82.986659,614-262-6296,0.0,27
4846e8b0-6bf1-3895-9ad2-7d4cc0da5237,RIVERSIDE SURGICAL ASSOCIATES INC,3545 OLENTANGY RIVER RD,COLUMBUS,OH,43214-3907,39.983784,-82.986659,614-261-1900,0.0,7
dee5dd88-c7bd-3608-a9ba-00b88b43d058,GENERAL MEDICAL CONSULTANTS INC,7277 SMITHS MILL RD,NEW ALBANY,OH,43054-8196,40.083073,-82.798908,614-221-3725,0.0,11
73aa3f86-d752-331c-977f-3e76909e2ca0,DR. MARIA J. FRAGOULIS  INC,50 E SCHROCK RD,WESTERVILLE,OH,43081-2915,40.1168,-82.917456,614-948-4448,0.0,59
474f3e86-d2f3-32c8-b35c-e0f97d81d573,PCP59572,1649 BRICE RD,REYNOLDSBURG,OH,43068-2796,39.959583,-82.79555400000001,614-864-3434,0.0,55
9b3a4cf3-e573-35b6-b3f0-ee50f0e3c7f1,FAMILY HEALTH CARE CENTER INC,2800 W BROAD ST,COLUMBUS,OH,43204-2654,39.983784,-82.986659,614-274-4171,0.0,22
a7360450-9736-3bf3-b9c6-b94cf110c732,PCP60997,943 WORTHINGTON WOODS LOOP RD,WORTHINGTON,OH,43085-5743,40.096813,-83.020174,614-841-2420,0.0,29
649ba77f-f5f8-393c-a539-c67284d6b7c3,PCP65371,7239 SAWMILL RD,DUBLIN,OH,43016-5017,40.111304,-83.14431400000001,614-457-7575,0.0,30
aa4fba4e-94e1-3ebe-9fcf-51998c9abe62,PCP65880,3434 RIVERSIDE DR,UPPER ARLINGTON,OH,43221-1743,40.027587,-83.070722,614-273-0393,0.0,74
94625ade-1a32-37fc-97d5-6cd6196e9fc5,PCP66540,4975 CEMETERY RD,HILLIARD,OH,43026-1641,40.037608,-83.14972900000001,614-771-1107,0.0,34
db268df2-90d6-33b8-a675-211d1dc2d0d3,WESTERVILLE DERMATOLOGY  INC.,235 W SCHROCK RD,WESTERVILLE,OH,43081-2874,40.1168,-82.917456,614-895-0400,0.0,37
80d39cf5-6df1-3ae7-b031-1c5a4e05d15a,PCP67668,886 MIDDLEBURY DR N,WORTHINGTON,OH,43085-3370,40.096813,-83.020174,614-430-3260,0.0,81
5cfdc554-19fd-3b1b-9b3b-a376b4b19bd0,ALBRIGHT ALBRIGHT AND SCHNULO ODS INC.,89 E WILSON BRIDGE RD,WORTHINGTON,OH,43085-6315,40.096813,-83.020174,614-885-7464,0.0,86
d1043082-f4dc-3cff-adda-070510b7c5c1,SORENSEN AND SORENSEN OPTOMETRISTS INC,6772 NEW ALBANY CONDIT RD,NEW ALBANY,OH,43054-9733,40.083073,-82.798908,614-933-0575,0.0,29
ecc208c1-696d-3db9-a116-b80acf997c46,PCP70694,7130 MUIRFIELD DR,DUBLIN,OH,43017-3801,40.111304,-83.14431400000001,614-792-8116,0.0,27
4344174a-8184-35e9-8ff2-59a3ae034674,TRAUMA AND CRITICAL CARE SURGEONS  LLC,793 W STATE ST,COLUMBUS,OH,43222-1551,39.983784,-82.986659,,0.0,36
e300a571-bc7f-3a9b-a653-df97e59139ce,RIVERSIDE NEPHROLOGY ASSOCIATES  INC.,929 JASONWAY AVE,COLUMBUS,OH,43214-2464,39.983784,-82.986659,614-538-2250,0.0,51
be6e6415-32a5-34c8-ac6b-235705aadb75,DENISON MEDICAL GROUP LLC,1087 DENNISON AVE,COLUMBUS,OH,43201-3201,39.983784,-82.986659,614-459-2906,0.0,56
8e88cfd4-a14a-3dfd-baf8-00c5a55685ad,COLUMBUS AESTHETIC AND PLASTIC SURGERY  INC,5005 ARLINGTON CENTRE BLVD,UPPER ARLINGTON,OH,43220-2912,40.027587,-83.070722,614-246-6900,0.0,34
5c299dcc-7c26-332a-8e61-52680fc72ef1,CENTRAL OHIO PATHOLOGY ASSOCIATES,500 S CLEVELAND AVE,WESTERVILLE,OH,43081-8971,40.1168,-82.917456,614-898-4000,0.0,44
c7cea675-b25b-3c75-a2d0-dac7a122c6b4,OHIO HEART GROUP  INC.,68 WESTERVIEW DR,WESTERVILLE,OH,43081-2680,40.1168,-82.917456,614-899-1200,0.0,33
ab9d69b8-40a9-3f86-8b7a-64718fed7e38,COLUMBUS PODIATRY AND SURGERY INC,4605 MORSE RD,GAHANNA,OH,43230-7300,40.036747,-82.879862,614-476-3338,0.0,31
5ff2d712-5fb1-3fa0-8d4f-f91e15dbfdc1,OSU SPORTS MEDICINE CENTER,920 N HAMILTON RD,GAHANNA,OH,43230-1757,40.036747,-82.879862,614-366-4332,0.0,45
8396b952-beb7-3256-b4ab-2fa1b8f7208b,BRESLOW EYE CARE LLC,3794 OLD COLUMBUS RD NW,CARROLL,OH,43112-9673,39.799059,-82.703836,740-756-7700,0.0,29
486e9ae1-f510-3ed9-9109-8db1809431bb,MOUNT CARMEL HEALTH PROVIDERS III LLC,6699 E LIVINGSTON AVE,REYNOLDSBURG,OH,43068-3688,39.959583,-82.79555400000001,614-367-1255,0.0,14
6995485e-3430-3aa6-a91b-a5c4f3ffee1f,PCP82717,6401 WINCHESTER BLVD,CANAL WINCHESTER,OH,43110-2057,39.839871,-82.81610699999999,614-829-6388,0.0,41
2cb22991-e962-30a4-a8e2-e8e4a2a61032,PCP83209,386 SHELBY AVE W,POWELL,OH,43065-8637,40.168677,-83.078774,614-370-6960,0.0,88
959b68dd-2f09-394b-ad32-d3e544e29042,CENTER FOR SURGICAL DERMATOLOGY INC,450 ALKYRE RUN,WESTERVILLE,OH,43082-6914,40.1168,-82.917456,614-847-4100,0.0,35
d386a444-6c3d-36cf-89f8-ede77615cd79,PRIME BEHAVIORAL HEALTH LLC,647 HILL RD N,PICKERINGTON,OH,43147-9347,39.890963,-82.7717,614-833-6900,0.0,73
34d5a5d0-d12e-318f-ae09-4ef6f37ef574,PCP84961,6040 CLEVELAND AVE,COLUMBUS,OH,43231-2230,39.983784,-82.986659,614-890-7952,0.0,22
17635f0f-4f41-375f-9b63-44d46ad58cce,PCP87657,2020 BRICE RD,REYNOLDSBURG,OH,43068-5433,39.959583,-82.79555400000001,,0.0,60
06e72179-dc50-32de-b6af-aa9e2aba595f,CENTRAL OHIO NP SERVICES LLC,5150 E MAIN ST,WHITEHALL,OH,43213-2441,39.968968,-82.883948,614-328-5555,0.0,2174
a054b2aa-68cb-3bce-9fdb-0e9d5c2f2f67,COLUMBUS OBSTETRICIANS - GYNECOLOGISTS  INC.,641 HILL RD N,PICKERINGTON,OH,43147-9346,39.890963,-82.7717,614-434-2400,0.0,28
ba8b1f94-3dd1-3cd4-8bd8-8aa4051731cc,PCP92337,6740 AVERY MUIRFIELD DR A,DUBLIN,OH,43017-1239,40.111304,-83.14431400000001,,0.0,26
2f7a077a-69e6-338e-8735-d86361c36b64,WORTHINGTON FOOT AND ANKLE LLC,37 E WILSON BRIDGE RD,WORTHINGTON,OH,43085-2395,40.096813,-83.020174,614-885-8895,0.0,13
abac6971-673f-3098-965f-ae659cc3bdf3,ARLINGTON URGENT CARE  INC,2216 E MAIN ST,BEXLEY,OH,43209-2319,39.965358,-82.93447900000001,614-826-9266,0.0,816
0e6c6d13-358d-382b-b435-3e242dd7d0f7,PCP97327,68 N HIGH ST,NEW ALBANY,OH,43054-8097,40.083073,-82.798908,,0.0,35
c067cb0a-a46c-3ab5-8e9e-a8aa4a3a3798,PCP97470,348 GRANVILLE ST B,GAHANNA,OH,43230-2926,40.036747,-82.879862,,0.0,38
596d4736-56c8-327c-9d47-569d39d5186b,PCP99275,495 COOPER RD,WESTERVILLE,OH,43081-8723,40.1168,-82.917456,,0.0,64
2219fd5d-7780-3caa-8ed7-c38572709047,PCP103190,7227 N HIGH ST,WORTHINGTON,OH,43085-2575,40.096813,-83.020174,,0.0,31
8ed11adc-9a5d-3359-83c9-2daeff1afae4,PCP105060,3140 E BROAD ST,COLUMBUS,OH,43209-2066,39.983784,-82.986659,,0.0,23
96a11f99-1a03-3821-8a24-ea6057b1e0b0,PCP107361,1875 BETHEL RD,COLUMBUS,OH,43220-1869,39.983784,-82.986659,,0.0,60
2b2e3374-5675-3c3c-ab5b-6c4427805b46,PCP108528,450 W WILSON BRIDGE RD,WORTHINGTON,OH,43085-2237,40.096813,-83.020174,,0.0,70
a7bd9de5-8ea9-31a0-b55a-b307cd849a87,PCP108874,5100 W BROAD ST,COLUMBUS,OH,43228-1607,39.983784,-82.986659,,0.0,18
67db19f2-0556-3454-add4-8a728d17b695,PHYSICAL MEDICINE ASSOCIATES  INC.,111 S GRANT AVE,COLUMBUS,OH,43215-1898,39.983784,-82.986659,614-566-9397,0.0,58
c3ab2ff3-b2b7-3ee9-9d09-97e8c855001e,PCP110135,5040 FOREST DR,NEW ALBANY,OH,43054-8166,40.083073,-82.798908,,0.0,60
7c3c2867-30ea-3741-969b-fad9866a2902,COLUMBUS OBSTETRICIANS - GYNECOLOGISTS  INC.,150 TAYLOR STATION RD,COLUMBUS,OH,43213-4440,39.983784,-82.986659,614-434-2400,0.0,25
34268d54-5952-3628-ac5a-eef47e40fed9,CENTRAL OHIO RADIATION ONCOLOGY  INC.,5100 W BROAD ST,COLUMBUS,OH,43228-1609,39.983784,-82.986659,614-544-1000,0.0,24
2000a402-07bc-3d82-b0df-dbdefae739a9,PCP112507,4196 AVERY RD,HILLIARD,OH,43026-1004,40.037608,-83.14972900000001,,0.0,15
16425365-14e5-3b7c-ac98-6841f3b78173,PCP113202,5175 MORSE RD,GAHANNA,OH,43230-1370,40.036747,-82.879862,,0.0,35
e10e782c-9740-3664-bd85-b2e99fbf18cb,PCP113423,285 E STATE ST,COLUMBUS,OH,43215-4322,39.983784,-82.986659,,0.0,49
8b41a91d-be90-305a-ac66-d07fa3afce42,PCP113755,1365 BETHEL RD,COLUMBUS,OH,43220-2611,39.983784,-82.986659,,0.0,36
7a2a13cb-ca57-3c34-b3f1-78802e9aec04,DAVID B KAPLANSKY DPM INC,7509 E MAIN ST,REYNOLDSBURG,OH,43068-7268,39.959583,-82.79555400000001,614-868-5555,0.0,22
ca9db205-6150-3c07-ba2f-065cf808742d,PCP115015,487 LAZELLE RD,WESTERVILLE,OH,43081-9540,40.1168,-82.917456,,0.0,35
92f66eb3-91f5-3d6f-b254-bdae40327f19,PCP115691,209 N CHILLICOTHE ST,PLAIN CITY,OH,43064-1045,40.107054999999995,-83.269911,614-873-6700,0.0,30
ee8d1581-f8a0-3a10-950e-471960f16a51,PCP116693,3796 BROADWAY,GROVE CITY,OH,43123-2235,39.866504,-83.066418,,0.0,46
8dca0d56-3e88-3893-b92c-7c925b2db9a8,ARLINGTON URGENT CARE  INC,3062 KINGSDALE CTR,UPPER ARLINGTON,OH,43221-2020,40.027587,-83.070722,614-484-1940,0.0,133
5dc3522a-f7f8-3083-ad6b-82895660af84,PCP119606,5335 HENDRON RD,GROVEPORT,OH,43125-1055,39.857074,-82.890333,,0.0,509
6ab272fd-1479-30f6-92b9-22e804bc82db,PCP121055,5975 E BROAD ST,COLUMBUS,OH,43213-1531,39.983784,-82.986659,,0.0,28
0d6d91e3-4fcf-3a58-997d-c7d8ccae13da,MID-OHIO RADIOLOGY  INC.,90 VILLAGE POINTE DR,POWELL,OH,43065-7760,40.168677,-83.078774,614-791-1300,0.0,18
86eb5476-37c7-340b-b8a6-556b24eff212,PCP123036,6805 AVERY MUIRFIELD DR,DUBLIN,OH,43016-7185,40.111304,-83.14431400000001,,0.0,50
43d53535-5953-3c63-8635-b1d717d41ccd,PCP123280,387 COUNTY LINE RD W,WESTERVILLE,OH,43082-6917,40.1168,-82.917456,,0.0,21
4fc1298e-2f63-3982-9946-99362547571f,PCP123562,83 N HAMILTON RD,GAHANNA,OH,43230-2601,40.036747,-82.879862,,0.0,32
bad9c37b-d746-38c1-a206-3c7df4567541,PCP123907,3368 STATE ROUTE 752,ASHVILLE,OH,43103-9009,39.717202,-82.9487,,0.0,77
31e91030-6a09-35b0-8e44-b1a63477ba66,PCP124090,8225 HARRISBURG RD,ORIENT,OH,43146-9528,39.805279999999996,-83.152119,,0.0,84
4cc49abb-0b1d-3344-a6a6-6935a4d4ad2b,PCP124907,7211 SAWMILL RD,DUBLIN,OH,43016-5009,40.111304,-83.14431400000001,,0.0,92
304fd1cd-eeb8-3d9c-8459-7be2249567fd,PCP125388,349 OLDE RIDENOUR RD,COLUMBUS,OH,43230-2528,39.983784,-82.986659,614-471-2552,0.0,32
ecc49ae8-0213-39d6-bfad-35dabe0f25a9,PCP126583,94 W MAIN ST,W JEFFERSON,OH,43162-1229,39.949398,-83.30839399999998,,0.0,189
a0729d35-d633-34ae-85ed-b5c6db9f4546,PCP128573,428 BEECHER RD B,GAHANNA,OH,43230-4562,40.036747,-82.879862,,0.0,87
378e1649-9820-38ab-80de-49c5d5cfe204,PCP131095,58 WESTERVIEW DR,WESTERVILLE,OH,43081-2682,40.1168,-82.917456,,0.0,35
8c88ae5a-caad-37d4-aaad-c523898521e9,PCP132059,180 W OLENTANGY ST,POWELL,OH,43065-6701,40.168677,-83.078774,,0.0,133
e8cf8ac0-07ac-3bab-9352-fa642862e4bd,PCP133266,6797 N HIGH ST,WORTHINGTON,OH,43085-2533,40.096813,-83.020174,,0.0,35
4a068b88-daa3-3b1e-9f8b-3f820d4e2706,PCP134359,383 W MAIN ST,WESTERVILLE,OH,43081-1447,40.1168,-82.917456,,0.0,50
aa93da03-0ceb-3016-9cae-bc739bbffaee,MICHAEL L WEISS MD LTD,4626 SAWMILL RD,COLUMBUS,OH,43220-2247,39.983784,-82.986659,614-538-9339,0.0,37
cd2f8ade-0ccb-3c30-8169-d48e7d104bd4,PCP135267,150 TAYLOR STATION RD,COLUMBUS,OH,43213-4440,39.983784,-82.986659,,0.0,33
07b86d50-5c86-3ec1-a414-f10eb16f9a03,COLUMBUS SURGICAL ASSOCIATES INC,7500 HOSPITAL DR,DUBLIN,OH,43016-8518,40.111304,-83.14431400000001,614-365-7500,0.0,30
55558681-2b4c-3144-ba80-3e41e52aac76,PCP138323,114 N STATE ST,WESTERVILLE,OH,43081-1426,40.1168,-82.917456,,0.0,38
5aed604e-f79d-3d12-b358-f20f0b094a21,PCP138364,7626 E MAIN ST,REYNOLDSBURG,OH,43068-1210,39.959583,-82.79555400000001,,0.0,71
8e3d1276-6e2f-35d7-9fb2-22c3a1778bcf,PCP138729,107 A COMMERCE PARK RD,WESTERVILLE,OH,43082-8349,40.1168,-82.917456,,0.0,40
fc92d412-a814-3bf2-be52-09fbdf407a73,PCP141444,57 E WILSON BRIDGE RD,WORTHINGTON,OH,43085-2368,40.096813,-83.020174,,0.0,71
5090e780-6103-30c6-af27-63c0ed2936a1,PCP143258,120 N HAMILTON RD,GAHANNA,OH,43230-2602,40.036747,-82.879862,,0.0,36
607c9c6b-bf56-3bee-94b3-ba672fb29f07,PCP146947,145 W JOHNSTOWN RD,GAHANNA,OH,43230-2700,40.036747,-82.879862,,0.0,25
da863915-7475-3f56-b7a0-0a9a1d7cab0e,PCP147648,9240 DUBLIN RD,SHAWNEE HILLS,OH,43065-9643,40.160074,-83.13565600000001,,0.0,436
7764b068-86e2-37e7-be57-616b68107003,SCIOTO VALLEY UROLOGY INC,500 E MAIN ST ST,COLUMBUS,OH,43215-5470,39.983784,-82.986659,614-222-3369,0.0,38
e72af640-bf87-3441-817f-eceeb231b176,PCP148020,197 E GAY ST,COLUMBUS,OH,43215-3291,39.983784,-82.986659,,0.0,38
d6a54666-05f8-3c0b-b38c-7c008e06eee8,PCP148037,10248 SAWMILL PKWY,POWELL,OH,43065-9189,40.168677,-83.078774,,0.0,28
d28f0966-b236-30b9-9b10-cab7805d9f77,PCP148099,1251 N HAMILTON RD,GAHANNA,OH,43230-6785,40.036747,-82.879862,,0.0,30
3bd455f5-0d1e-3517-91eb-0b866d4e641d,PCP148789,5199 E BROAD ST,COLUMBUS,OH,43213-3800,39.983784,-82.986659,,0.0,70
404fb964-81f6-3fad-817d-84d9c180885c,PCP148988,7100 N HIGH ST,WORTHINGTON,OH,43085-2333,40.096813,-83.020174,,0.0,20
f996e106-8f80-372d-b941-582e22d8014b,PCP151166,3718 RIDGE MILL DR,HILLIARD,OH,43026-9231,40.037608,-83.14972900000001,,0.0,36
f72000b8-ed55-3da7-bb13-77da218b69f9,PCP151265,3845 TRUEMAN CT,HILLIARD,OH,43026-2496,40.037608,-83.14972900000001,,0.0,69
af664522-730a-32ae-878d-eb97fc983bf3,PCP151941,500 W WILSON BRIDGE RD,WORTHINGTON,OH,43085-2238,40.096813,-83.020174,,0.0,53
0049f8b0-b73d-3a97-a0db-193e0cd52f17,PCP154597,5688 AW BROAD ST,GALLOWAY,OH,43119-8127,39.952952,-83.13202,,0.0,548
1221b907-9746-3dfc-acc8-862cb908b5d5,PCP154898,900 CLUB DR,WESTERVILLE,OH,43081-4911,40.1168,-82.917456,,0.0,17
4b76757c-8ba1-3a1c-b4df-276c90839f3b,PCP155768,4949 DIERKER RD,UPPER ARLINGTON,OH,43220-2946,40.027587,-83.070722,,0.0,65
68d3d99e-5a3a-3662-b577-75b1917274bc,PCP157073,885 HIGH ST,WORTHINGTON,OH,43085-4158,40.096813,-83.020174,,0.0,208
4239f312-69e7-365f-89f7-1649f06b4060,INTEGRATED DERMATOLOGY OF COLUMBUS LLC,4617 LEAP CT,HILLIARD,OH,43026-1175,40.037608,-83.14972900000001,614-345-0500,0.0,37
fc6e8e35-9f72-3cf5-806b-c4724f7689f6,PCP159302,6502 E MAIN ST,REYNOLDSBURG,OH,43068-2389,39.959583,-82.79555400000001,,0.0,13
8b2c6c7b-c88e-37ff-85d9-03d0c3a471b6,PCP159547,5003 S WALNUT ST,SOUTH BLOOMFIELD,OH,43103-1031,39.716141,-82.992779,,0.0,81
0535273b-28af-384e-b2f0-afee4bd17679,PCP159764,3399 MILL RUN DR,HILLIARD,OH,43026-9078,40.037608,-83.14972900000001,,0.0,29
f990246f-ae81-366b-a464-67a83b5ac851,PCP160121,4151 MINK ST SW,PATASKALA,OH,43062-8859,40.019481,-82.71849,,0.0,50
cfa4fbe9-5077-344a-b413-37dc8b936dc8,PCP162664,6112 PARKCENTER CIR,DUBLIN,OH,43017-3583,40.111304,-83.14431400000001,,0.0,68
559c79f6-10cf-3e13-9aea-a5c0a050a8da,PCP164278,27 CLAIREDAN DR,POWELL,OH,43065-8064,40.168677,-83.078774,,0.0,41
77fdbc26-f887-33ca-b538-f8260d562d7c,PCP164324,5691 THOMPSON RD,COLUMBUS,OH,43230-1345,39.983784,-82.986659,614-855-8866,0.0,31
f6386e86-c289-32e1-8ddd-04eea27516c8,PCP164412,204 W MAIN ST,PLAIN CITY,OH,43064-4122,40.107054999999995,-83.269911,,0.0,49
880a476d-3e0e-3e95-bd2b-3fd399756e06,PCP164577,1750 CHURCHVIEW LN,COLUMBUS,OH,43220-4902,39.983784,-82.986659,,0.0,31
1f5d3906-959d-3e05-9ab8-c157bd93ad2c,PCP165758,5 MAIN ST,COMMERCIAL POINT,OH,43116,39.767227,-83.055237,,0.0,78
6ae517c5-f60c-3017-a73a-2bbac725800b,PCP166028,9315 COLUMBIA RD SW,ETNA,OH,43062-7126,39.955249,-82.686061,,0.0,206
d415f58c-1ffe-3ece-972b-500b7b7d193b,PCP167212,4100 VENTURE PLACE,GROVEPORT,OH,43125-9206,39.857074,-82.890333,,0.0,94
0ae17df3-8969-355e-9a5b-642d2f2dbcd8,PCP167801,2461 HILLIARD ROME RD,HILLIARD,OH,43026-8194,40.037608,-83.14972900000001,,0.0,42
54b043bf-b69c-3539-8321-ed472d7977fa,PCP170935,1430 S HIGH ST,COLUMBUS,OH,43207-1045,39.983784,-82.986659,,0.0,65
976a386b-2a3a-318f-9cb7-f2ee969ace96,SAMUEL A GALLO MD,6620 PERIMETER DR,DUBLIN,OH,43016-8055,40.111304,-83.14431400000001,614-766-5438,0.0,15
91419a0f-e54e-3651-9591-303208e9525d,PCP172788,4068 GANTZ RD,GROVE CITY,OH,43123-4816,39.866504,-83.066418,614-222-0835,0.0,55
aa576c26-37d8-3deb-94f1-e365a23a8516,PCP173273,6142 RISING SUN DR,GROVE CITY,OH,43123-8883,39.866504,-83.066418,,0.0,39
e8a16e1f-673e-3026-b504-33654adc2df4,DENNISON AND ASSOCIATES INC,161 S LIBERTY ST,POWELL,OH,43065-7619,40.168677,-83.078774,614-888-8440,0.0,104
aa9f9aa4-80b4-3d48-8faf-1aacece311e4,BUCKEYE OB GYN INC,1897 OHIO DR,GROVE CITY,OH,43123-4839,39.866504,-83.066418,614-875-1721,0.0,64
19ceb829-85f9-33ae-8f88-5ba487615a24,HEMATOLOGY ONCOLOGY CONSULTANTS INC,300 POLARIS PKWY,WESTERVILLE,OH,43082-7813,40.1168,-82.917456,614-846-0044,0.0,66
2e9b3764-f3d2-33ba-975e-af9f40956013,SCIOTO FAMILY PHYSICIANS INC,5130 BRADENTON AVE,DUBLIN,OH,43017-7068,40.111304,-83.14431400000001,614-734-1100,0.0,19
61b05155-879c-3879-b1a4-475b82cd06f3,COLUMBUS SPINE SPECIALISTS LLC,440 INDUSTRIAL MILE RD,COLUMBUS,OH,43228-2411,39.983784,-82.986659,614-851-1400,0.0,32
c53be571-f3e1-35f2-931d-4f3079d553e5,EXPRESSMED NEW ALBANY LLC,153 W MAIN ST,NEW ALBANY,OH,43054-9554,40.083073,-82.798908,614-939-9110,0.0,66
14794c71-2d76-3812-836f-973272f9b409,PROFESSIONAL VISIONCARE  INC,937 POLARIS WOODS BLVD,WESTERVILLE,OH,43082-8076,40.1168,-82.917456,614-898-9989,0.0,37
4b7321ce-1800-33ea-b7fa-0805edccd466,PARVEENCO INTERNATIONAL LLC,33 E N ST,WORTHINGTON,OH,43085-4086,40.096813,-83.020174,614-431-4600,0.0,71
bfc6af76-f446-3fbd-ac14-aed14d7d0801,ASSOCIATES IN CENTRAL OHIO OBSTERTICS AND GYNECOLOGY  INC.,7235 SAWMILL RD,DUBLIN,OH,43016-5003,40.111304,-83.14431400000001,614-889-6117,0.0,30
25e704ec-cfa5-3632-89b4-f544a24487df,DILEY MEDICAL GROUP LLC,7901 DILEY RD,CANAL WINCHESTER,OH,43110-9613,39.839871,-82.81610699999999,614-920-1000,0.0,95
2efa1031-6382-3844-9a76-95c8b9157d5a,COLUMBUS WOMEN'S CARE  INC,5965 E BROAD ST,COLUMBUS,OH,43213-1562,39.983784,-82.986659,614-755-4200,0.0,32
cf35cd07-2bd6-33fe-8efa-4c4ab2c4bcf4,PCP185128,6024 HOOVER RD,GROVE CITY,OH,43123-8133,39.866504,-83.066418,,0.0,25
81e4333c-9433-3a8e-a5a0-7c10ddd9d794,CONCORD COUNSELING SERVICES,700 BROOKSEDGE BLVD,WESTERVILLE,OH,43081-2820,40.1168,-82.917456,614-882-9338,0.0,70
7b3c3b99-9172-362e-ac94-10839320282b,ANJANA SAMADDER MD INC,4850 E MAIN ST,COLUMBUS,OH,43213-3194,39.983784,-82.986659,614-575-2600,0.0,31
2372d654-238d-38fd-99c7-346158a9b6d6,ASSOCIATES IN CENTRAL OHIO OBSTERTICS AND GYNECOLOGY  INC.,575 WESTAR CROSSING,WESTERVILLE,OH,43082-7800,40.1168,-82.917456,614-839-5555,0.0,32
6cc59e2a-838b-3dcd-b9ef-c485d9d9c1c2,DUBLIN FAMILY CARE INC,250 W BRIDGE ST,DUBLIN,OH,43017-1179,40.111304,-83.14431400000001,,0.0,34
3324a992-5273-3d7c-8c42-0f7bb6d9e302,PCP187301,4000 PARKMEAD DR,GROVE CITY,OH,43123-4908,39.866504,-83.066418,,0.0,118
e9b8b70d-3bf4-3cd4-b849-cf052c89a3bb,ACCESS URGENT MEDICAL CARE OF UPPER ARLINGTON INC,4661 SAWMILL RD,UPPER ARLINGTON,OH,43220-6123,40.027587,-83.070722,614-583-1133,0.0,140
8db99710-7028-3c89-843a-ba0d09747ebe,COLUMBUS EAST INTERNAL MEDICINE,1075 A BEECHER CROSSING N,GAHANNA,OH,43230-4572,40.036747,-82.879862,614-475-6179,0.0,81
d94b4fb7-c25d-3a5c-93f1-79b7bceb243f,BUCKEYE PHYSICAL MEDICINE AND REHAB - HILLIARD,4492 CEMETERY RD,HILLIARD,OH,43026-1103,40.037608,-83.14972900000001,614-771-7500,0.0,20
ae214c24-807e-3e4c-af67-3e2269eb6c47,PCP195260,477 COOPER RD,WESTERVILLE,OH,43081-8056,40.1168,-82.917456,,0.0,88
0620a3ca-7d00-3bbb-8be1-c3b694644201,CHILDREN'S RADIOLOGICAL INSTITUTE  INC,5675 VENTURE DR,DUBLIN,OH,43017-2159,40.111304,-83.14431400000001,614-722-2000,0.0,50
b6531394-dacf-3013-a8ab-2abf09fb9c03,PCP197653,718 WORTHINGTON WOODS BLVD,WORTHINGTON,OH,43085-5713,40.096813,-83.020174,,0.0,126
38eb46ff-a41e-31d8-902d-70b115bf75c2,SPECTRUM PSYCHOLOGICAL SERVICES  INC,6525 N HIGH ST,WORTHINGTON,OH,43085-4045,40.096813,-83.020174,937-470-3446,0.0,180
aef32db7-c648-3b35-b3c5-830c5709aa13,SPECTRUM PSYCHOLOGICAL SERVICES  INC,690 COOPER RD,WESTERVILLE,OH,43081-8919,40.1168,-82.917456,937-470-3446,0.0,21
18152c91-9f0f-3018-a251-ef97e331bfd1,SOUTHWEST EYECARE  LLC,4140 HOOVER RD,GROVE CITY,OH,43123-3625,39.866504,-83.066418,614-801-2020,0.0,103
afe5003a-4b5a-3e42-a208-341303302368,SPECTRUM PSYCHOLOGICAL SERVICES  INC,10351 SAWMILL PKWY,POWELL,OH,43065-9053,40.168677,-83.078774,937-470-3446,0.0,26
ee1801f6-0711-3a73-9ff9-a4f0780c800b,SPECTRUM PSYCHOLOGICAL SERVICES  INC,3500 RIVERSIDE DR,UPPER ARLINGTON,OH,43221-1753,40.027587,-83.070722,937-470-3446,0.0,210
2a32260d-9e86-3956-a403-08260a801e48,SPECTRUM PSYCHOLOGICAL SERVICES  INC,4000 LAKEVIEW XING,GROVEPORT,OH,43125-9059,39.857074,-82.890333,614-388-8907,0.0,480
2828fc56-7531-39f6-859d-0c74dedd9ee9,OSU FAMILY PRACTICE SERVICES,445 E GRANVILLE RD,WORTHINGTON,OH,43085-3192,40.096813,-83.020174,614-888-2019,0.0,95
20c5b80a-e4d1-3d2b-8927-a33ebe2d7ba1,KIDNEY SPECIALISTS  INC.,595 COPELAND MILL RD,WESTERVILLE,OH,43081-8908,40.1168,-82.917456,614-823-8500,0.0,33
80b6dc45-6127-34ca-8ea6-ddef180e0e0f,CENTRAL OHIO UROLOGY GROUP  INC.,6024 HOOVER RD A,GROVE CITY,OH,43123-8133,39.866504,-83.066418,614-221-2888,0.0,75
327996e8-ea9a-384f-b70a-3092d8485eff,CENTRAL OHIO UROLOGY GROUP  INC.,350 W WILSON BRIDGE RD,WORTHINGTON,OH,43085-2217,40.096813,-83.020174,614-268-2323,0.0,43
58adaab6-30b6-3136-b96b-98777810efbc,RIVERVIEW ENT CENTER OF CENTRAL OHIO,6100 E MAIN ST,COLUMBUS,OH,43213-3399,39.983784,-82.986659,614-759-7728,0.0,21
50be4923-94fa-3d28-afa2-0774bc4b6e11,DYNAMIC SPINE AND MUSCLE HEALTH,95 S LIBERTY ST,POWELL,OH,43065-9301,40.168677,-83.078774,661-484-7700,0.0,44
cd11e9ed-01fe-3147-80bc-bd930ca3a50d,PICKERINGTON EYE CARE,141 CLINT DR,PICKERINGTON,OH,43147-7750,39.890963,-82.7717,614-575-0111,0.0,32
0ed44062-cb40-3a19-8ae5-54efeebd055f,STEPHEN R RICHARDS MD INC,11925 LITHOPOLIS RD NW,CANAL WINCHESTER,OH,43110-9585,39.839871,-82.81610699999999,614-759-6626,0.0,72
2c5985c8-1195-3e87-b733-70af8a74d238,CARDIOVASCULAR SPECIALISTS  LLC,7901 DILEY RD,CANAL WINCHESTER,OH,43110-9653,39.839871,-82.81610699999999,740-653-7511,0.0,55
324023b9-35e2-38df-8395-7d61552cb504,CHILDREN'S RADIOLOGICAL INSTITUTE  INC,433 N CLEVELAND AVE,WESTERVILLE,OH,43082-8095,40.1168,-82.917456,614-355-8307,0.0,59
24a847d6-693e-3285-abe1-4e3f4b554e99,THE CENTER FOR COSMETIC SURGERY  PC,1050 BEECHER CROSSING N,GAHANNA,OH,43230-4567,40.036747,-82.879862,412-429-1151,0.0,32
e66ea69a-dd8a-37e2-b1e8-ff9597564445,FIRST STEP RECOVERY CENTER,1649 BRICE RD,REYNOLDSBURG,OH,43068-2796,39.959583,-82.79555400000001,614-300-5878,0.0,45
29d811bd-58ef-3e93-989a-2976568d90a3,OSU OTOLARYNGOLOGY HEAD AND NECK SURGERY  LLC,5175 MORSE RD,GAHANNA,OH,43230-1370,40.036747,-82.879862,614-366-3687,0.0,78
10382744-af64-3971-beec-b5444f2cc816,ORTHOPEDIC AND NEUROLOGICAL CONSULTANTS  INC.,1030 REFUGEE RD,PICKERINGTON,OH,43147-9769,39.890963,-82.7717,614-890-6555,0.0,103
d1f24e9e-8924-32f7-af69-6c76e37f9c70,OSU GYN AND OB CONSULTANTS  LLC,920 N HAMILTON RD,GAHANNA,OH,43230-1757,40.036747,-82.879862,614-366-3075,0.0,87
30864a3e-d709-34cd-8764-077dfdc12b1c,OSU GENERAL INTERNAL MEDICINE LLC,543 TAYLOR AVE,COLUMBUS,OH,43203-1278,39.983784,-82.986659,614-688-6470,0.0,34
47feeaf6-3274-3479-b04b-49a5ad81094d,ADVANCED ANKLE AND FOOT CENTER LLC,9759 FAIRWAY DR,POWELL,OH,43065-6947,40.168677,-83.078774,614-792-3668,0.0,37
d76db432-26c8-3252-82b2-71213444818e,OSU NEUROSCIENCE CENTER  LLC,543 TAYLOR AVE,COLUMBUS,OH,43203-1278,39.983784,-82.986659,614-688-6400,0.0,83
61682187-e8fb-36a6-9f3b-5a63fd324457,WIEGING PHYSICAL MEDICINE LLC,3435 FARM BANK WAY,GROVE CITY,OH,43123-1974,39.866504,-83.066418,614-539-0405,0.0,23
04b60949-932e-3b16-b9f1-a542388ebf06,OSU GENERAL INTERNAL MEDICINE LLC,895 YARD ST,GRANDVIEW HEIGHTS,OH,43212-3886,39.979299,-83.040111,614-293-9780,0.0,2804
8fbec9a5-904e-3ce7-8698-dbb874e2fbcb,PICKAWAY HEALTH SERVICES,9085 SOUTHERN ST,ORIENT,OH,43146-9358,39.805279999999996,-83.152119,,0.0,48
def8ccbe-5544-3a7a-af6e-fd338ca6aa50,CENTER FOR EATING DISORDERS AND PSYCHOTHERAPY,8001 RAVINES EDGE COURT,COLUMBUS,OH,43235-5423,39.983784,-82.986659,614-896-8222,0.0,41
80ceaac7-1466-3720-b687-deb88635e3c4,COMPREHENSIVE WOMEN'S CARE  INC.,477 COOPER RD,WESTERVILLE,OH,43081-6045,40.1168,-82.917456,614-582-5552,0.0,25
435560cb-62b4-38e4-8fcc-74c304176f8b,ADDICTION ANGELS OF AMERICA LLC,4889 SINCLAIR RD,COLUMBUS,OH,43229-5433,39.983784,-82.986659,614-396-7850,0.0,22
247cab45-f293-3af2-aaa7-9b6024b74a4b,PCP223182,480 S JEFFERSON AVE,PLAIN CITY,OH,43064-4137,40.107054999999995,-83.269911,,0.0,68
e712e800-ad7d-3ca9-83c7-976e5ded51ca,UNION COUNTY PHYSICIAN CORPORATION,480 S JEFFERSON AVE,PLAIN CITY,OH,43064-4137,40.107054999999995,-83.269911,614-873-3434,0.0,64
c73f4382-c118-378f-beba-76c9e7cf442a,COLUMBUS INTEGRATIVE FAMILY MEDICINE CENTER LLC,453 WATERBURY CT,GAHANNA,OH,43230-5309,40.036747,-82.879862,614-381-9795,0.0,74
7b360861-f5de-3a4d-81a6-bbd3eee3601b,PCP224843,300 POLARIS PKWY,WESTERVILLE,OH,43082-7997,40.1168,-82.917456,,0.0,11
ce8df10d-b080-3b8f-99f2-de8ba9b33746,HAVENS URGENT CARE,1582 N WAGGONER RD,BLACKLICK,OH,43004-8669,39.959583,-82.79555400000002,614-864-1313,0.0,145
9fe3a0c4-5d97-356f-9d1a-a33e9f8454c6,DERMATOLOGISTS OF SOUTHWESTERN OHIO  LLC,2359 E MAIN ST,BEXLEY,OH,43209-2421,39.965358,-82.93447900000001,614-947-1716,0.0,815
2aed955d-3a95-32b4-aa2f-c71a342fc172,DRS. BACON AND HOOPER  INC.,1045 BEECHER CROSSING N,GAHANNA,OH,43230,40.036747,-82.879862,614-855-4746,0.0,96
406ca8e5-f93b-3a46-b93d-4aeda49f3e9c,PICKAWAY HEALTH SERVICES,299 W MAIN ST,ASHVILLE,OH,43113-1218,39.717202,-82.9487,740-983-2594,0.0,155
5f0f1223-8304-3219-948c-fbc583321b0f,PCP226520,5965 E BROAD ST,COLUMBUS,OH,43213-1562,39.983784,-82.986659,,0.0,42
fbe66e3e-5bd2-30c1-b669-dfaa7336ac22,PCP226745,47 CLAIREDAN DR,POWELL,OH,43065-8064,40.168677,-83.078774,,0.0,52
083e9a57-0fa7-3f53-bfa5-ebcd814ae08c,PCP227782,4766 W BROAD ST,COLUMBUS,OH,43228-1613,39.983784,-82.986659,,0.0,38
1b3aa540-29ca-3dda-9e59-eff77e1df950,BUCKEYE PHYSICAL MEDICINE AND REHAB GAHANNA,1358 A CHERRY BOTTOM RD,GAHANNA,OH,43230-6771,40.036747,-82.879862,614-471-2225,0.0,10
dac70f57-c8e4-3251-8b78-e47144f40c98,ORTHOPEDIC AND NEUROLOGICAL CONSULTANTS  INC.,1240 HILL RD N,PICKERINGTON,OH,43147-8984,39.890963,-82.7717,614-839-3239,0.0,69
cf58a4a6-d39a-3cf9-87be-61fccc6ce723,PCP232399,89 E WILSON BRIDGE RD,WORTHINGTON,OH,43085-6315,40.096813,-83.020174,,0.0,59
5e2fc60c-8637-3d7c-9e03-8364e4dc46ba,ORTHOPEDIC AND NEUROLOGICAL CONSULTANTS  INC.,6770 AVERY MUIRFIELD DR,DUBLIN,OH,43017-1241,40.111304,-83.14431400000001,614-890-6555,0.0,41
0583969e-2767-3573-b5a6-b70abf1fdef3,PCP233035,2515 W SCHROCK RD,WESTERVILLE,OH,43081-8956,40.1168,-82.917456,,0.0,24
92dcfc16-035e-345f-819d-06bf7da4881f,OSU NEUROSCIENCE CENTER  LLC,920 N HAMILTON RD,GAHANNA,OH,43219-1832,40.036747,-82.879862,614-293-0793,0.0,10
09a29420-19ac-3909-ac6c-adecdd4d8d6f,OHIOHEALTH URGENT CARE LLC,1120 POLARIS PKWY,COLUMBUS,OH,43240-4042,39.983784,-82.986659,614-847-1120,0.0,44
2d0d80ca-8f08-3a3a-883d-67ae48353253,THE LITTLE CLINIC OF OHIO LLC,350 E BROAD ST,PATASKALA,OH,43062-9551,40.019481,-82.71849,740-964-2532,0.0,29
00400c6c-f333-3382-8468-de2a74be67d9,CITY OF COLUMBUS,240 PARSONS AVE,COLUMBUS,OH,43215-5331,39.983784,-82.986659,614-645-6792,0.0,32
d218f288-e6aa-3117-9394-4c7b77e8f50b,OHIOHEALTH URGENT CARE LLC,4343 ALL SEASONS DR,HILLIARD,OH,43026-1962,40.037608,-83.14972900000001,614-541-2676,0.0,76
99129b27-bbe6-3452-ad7b-14f2d4a39c2a,NEW ALBANY ORTHOPEDIC ANESTHESIA LLC,7333 SMITHS MILL RD,NEW ALBANY,OH,43054-9291,40.083073,-82.798908,614-939-5416,0.0,54
1683a36d-7ef3-3253-89f6-b00ac1854d8c,THE LITTLE CLINIC OF OHIO LLC,6011 GROVEPORT RD,GROVEPORT,OH,43125-1006,39.857074,-82.890333,614-343-4783,0.0,314
b476a97b-8dce-3bb0-9972-d5badb5b5d95,OHIO STATE UNIVERSITY ORTHOPEDIC,6515 PULLMAN DR,LEWIS CENTER,OH,43035-7380,40.286559,-83.07486,614-293-2663,0.0,34
1c2716b2-b6ac-301d-9997-cd9d2dc1d45b,CENTER FOR COGNITIVE BEHAVIORAL THERAPY OF GREATER COLUMBUS INC,1100 BEECHER CROSSING N C,GAHANNA,OH,43230-4565,40.036747,-82.879862,614-459-4490,0.0,39
27d7c71c-a868-3713-ba5f-2a73b729a30e,NORTHSIDE WOMENS HEALTH LLC,660 COOPER RD,WESTERVILLE,OH,43081-9235,40.1168,-82.917456,614-865-7000,0.0,30
83f27612-2d7c-3b8e-a174-5a6c0f11d302,MATERNOHIO CLINICAL ASSOCIATES INC,507 EXECUTIVE CAMPUS DR,WESTERVILLE,OH,43082-9340,40.1168,-82.917456,614-459-1000,0.0,19
5c0d1e2c-5c74-3f53-82d7-c2eb0ee336b2,EQUITAS HEALTH  INC,4400 N HIGH ST,COLUMBUS,OH,43214-2635,39.983784,-82.986659,614-299-2437,0.0,34
3c42fb94-7eba-3c8e-a810-070003638745,THE LITTLE CLINIC OF OHIO LLC,1045 HILL N RD,PICKERINGTON,OH,43147-8666,39.890963,-82.7717,614-328-0341,0.0,32
13ab1aae-ed55-3790-94be-d9040ad1b013,SPINE INSTITUTE OF OHIO LLC,3535 FISHINGET BLVD,HILLARD,OH,43026-7568,40.037608,-83.14972900000002,614-222-0743,0.0,1314
beea0c72-7c34-3883-92a3-95eb1e2c9f95,PCP244782,616 OFFICE PKWY B,WESTERVILLE,OH,43082-6064,40.1168,-82.917456,,0.0,61
890b8751-b926-3b2b-8d9f-6c5c888c979e,RIVERSIDE RADIOLOGY AND INTERVENTIONAL ASSOCIATES INC,7630 RIVERS EDGE DR,COLUMBUS,OH,43235-1329,39.983784,-82.986659,614-533-4000,0.0,35
174e14f3-16f2-3702-b82e-3bc9bafbd6ba,STEP LIVELY FOOT AND ANKLE CENTERS,1045 BEECHER N XING A,GAHANNA,OH,43230-4573,40.036747,-82.879862,614-478-2111,0.0,31
060f549a-d0a9-3c38-956b-a2a55aba733f,PCP253272,4850 E MAIN ST,COLUMBUS,OH,43213-3194,39.983784,-82.986659,,0.0,33
86636e32-d2ce-3195-95fa-54431b42cf84,CLARKSON OPTOMETRY MIDWEST INC,1725 BRICE RD,REYNOLDSBURG,OH,43068-2705,39.959583,-82.79555400000001,614-861-7771,0.0,21
607fefc2-fb14-39e7-8421-dd386ede0c20,THE LITTLE CLINIC OF OHIO LLC,6095 GENDER RD,CANAL WINCHESTER,OH,43110-2014,39.839871,-82.81610699999999,614-417-5196,0.0,30
2f08be1f-5c5e-305c-8215-e895f712e5b0,PCP254461,815 W BROAD ST,COLUMBUS,OH,43222-1465,39.983784,-82.986659,,0.0,50
ec0b12dc-5dc1-3648-91c3-32ee49ca9e71,MATERNOHIO CLINICAL ASSOCIATES INC,1080 BEECHER CROSSING N,GAHANNA,OH,43230,40.036747,-82.879862,614-476-4101,0.0,64
23c5874a-7002-3181-84d4-3d4a26917de4,CENTRAL OHIO NUTRITION CENTER INC,648 TAYLOR RD,GAHANNA,OH,43230-3202,40.036747,-82.879862,614-864-7225,0.0,21
ec780a77-c1c1-3fd2-8857-5ae2240605ee,THE LITTLE CLINIC OF OHIO LLC,300 S HAMILTON RD,GAHANNA,OH,43230-3308,40.036747,-82.879862,614-416-6446,0.0,26
55957668-67c7-3e4d-92b5-08ea36fd07b6,BREAKTHROUGH MEDICAL PLUS LLC,38 E COLUMBUS ST,PICKERINGTON,OH,43147-2316,39.890963,-82.7717,,0.0,98
1889a672-e044-3672-a57b-de002f2c05a0,PICKAWAY HEALTH SERVICES,9085 SOUTHERN ST,ORIENT,OH,43146-9358,39.805279999999996,-83.152119,614-277-4652,0.0,80
b4bb4e97-2fab-34d5-ba8e-8caed494b709,THE LITTLE CLINIC OF OHIO LLC,1955 HENDERSON RD,UPPER ARLINGTON,OH,43220-2401,40.027587,-83.070722,614-340-7546,0.0,220
e39e4f07-fad1-36d4-a08e-5fa74e4a76c3,PCP257399,1030 REFUGEE RD,PICKERINGTON,OH,43147-9755,39.890963,-82.7717,,0.0,36
174ab60a-5ab9-3e95-a87e-87827c0338e4,PCP260105,7509 E MAIN ST,REYNOLDSBURG,OH,43068-7268,39.959583,-82.79555400000001,,0.0,26
b1a08287-bcc7-3e2c-9a95-a76c9d025899,OHIO STATE UNIVERSITY,1800 ZOLLINGER RD,UPPER ARLINGTON,OH,43221-2849,40.027587,-83.070722,614-366-3937,0.0,123
78a2951f-2f32-3397-a36a-673b88d2e7e0,MIDWEST ALLERGY ASSOCIATES INC,3915 BERRY LEAF LN,HILLIARD,OH,43026-3140,40.037608,-83.14972900000001,614-771-9030,0.0,42
6db65ad4-c8dd-3a48-b846-961676142510,PCP263004,5935 C WILCOX PLACE,DUBLIN,OH,43016-6797,40.111304,-83.14431400000001,,0.0,15
4f345705-09a1-34c9-a4de-53871a871d78,PCP263143,3555 OLENTANGY RIVER RD,COLUMBUS,OH,43214-3901,39.983784,-82.986659,,0.0,46
c38c9637-1670-3d1b-842c-e98f15f68046,UNIVERSITY SLEEP MEDICINE LLC,885 HIGH ST,WORTHINGTON,OH,43085-4158,40.096813,-83.020174,614-505-0070,0.0,54
be3be6aa-69cf-390a-8050-9f65c30659f2,HEALTHY ALLIANCE,690 COOPER RD,WESTERVILLE,OH,43081-8919,40.1168,-82.917456,614-259-2849,0.0,58
b24120e3-9b16-3974-bbec-18139da60638,OSU INTERNAL MEDICINE  LLC,3900 STONERIDGE LN,DUBLIN,OH,43017-2288,40.111304,-83.14431400000001,614-889-5001,0.0,35
2bdd6d89-e869-3aa4-b88e-02994ef017ab,CENTRAL OHIO PRIMARY CARE PHYSICIANS  INC.,4885 OLENTANGY RIVER RD,COLUMBUS,OH,43214-1952,39.983784,-82.986659,614-326-5665,0.0,38
fa6645c2-5a2f-35a6-b869-fac8c15eaed5,CENTRAL OHIO PRIMARY CARE PHYSICIANS  INC.,3535 FISHINGER BLVD,HILLIARD,OH,43026-7505,40.037608,-83.14972900000001,614-392-2812,0.0,68
a71fa4f5-1d4b-35f1-8d93-d1305338bde9,TAKE CARE HEALTH OHIO  INC.,7900 E BROAD ST,BLACKLICK,OH,43004-8240,39.959583,-82.79555400000002,855-925-4733,0.0,294
323bbe41-5983-3fab-b9b2-c7119ccde21a,URGENT CARE SPECIALISTS LLC,4300 CLIME RD,COLUMBUS,OH,43228-6491,39.983784,-82.986659,937-252-2000,0.0,31
027b2f2d-71c9-3830-8aa0-4f63c530f682,ORTHOPEDIC ONE  INC.,560 N CLEVELAND AVE,WESTERVILLE,OH,43082-9105,40.1168,-82.917456,614-839-2300,0.0,96
dc4b6bfb-65a7-3e1f-9f9f-2b2dd31ccfba,MOUNT CARMEL HEALTHPROVIDERS TWO LLC,477 COOPER RD,WESTERVILLE,OH,43081-8070,40.1168,-82.917456,614-464-0788,0.0,115
afe50474-8d42-33c4-b180-e788cbd5b676,CENTRAL OHIO PRIMARY CARE PHYSICIANS  INC.,4845 KNIGHTSBRIDGE BLVD,COLUMBUS,OH,43214-2463,39.983784,-82.986659,,0.0,45
cb2a446a-6b4a-3834-89bb-c6441728a2e4,CENTRAL OHIO PRIMARY CARE PHYSICIANS  INC.,291 W SCHROCK RD,WESTERVILLE,OH,43081-2895,40.1168,-82.917456,614-901-2273,0.0,31
f95fcc51-b703-32e6-ab8d-3f39e2d84890,RADIOLOGY INCORPORATED,4191 KELNOR DR,GROVE CITY,OH,43123-3990,39.866504,-83.066418,614-875-6004,0.0,18
40087ad1-f13a-303e-b4bb-9f7c3f11bdb3,KIDNEY SPECIALISTS  INC.,500 S CLEVELAND AVE,WESTERVILLE,OH,43081-8971,40.1168,-82.917456,614-898-4000,0.0,68
f3f258f4-68ba-39be-bc31-05ef70063e71,RADIOLOGY INCORPORATED,7333 SMITHS MILL RD,NEW ALBANY,OH,43054-9291,40.083073,-82.798908,614-775-6600,0.0,37
5b89046c-64f2-3688-8186-7a07294288b2,OHIOHEALTH CORPORATION,60 CLAIREDAN DR,POWELL,OH,43065-7340,40.168677,-83.078774,614-533-6850,0.0,57
548c1f00-99ba-3238-838b-d78f4efad9ce,ORTHOPEDIC ONE  INC.,6201 GENDER RD,CANAL WINCHESTER,OH,43110-2007,39.839871,-82.81610699999999,614-545-7900,0.0,96
e6f7cb94-e5ef-325f-bc74-0cbd962edf43,CENTRAL OHIO PRIMARY CARE PHYSICIANS  INC.,631 COPELAND MILL RD A,WESTERVILLE,OH,43081-8905,40.1168,-82.917456,614-508-2672,0.0,39
68e5ac94-1893-3303-83f0-7d518e35f15f,ORTHOPEDIC ONE  INC.,7901 DILEY RD,CANAL WINCHESTER,OH,43110-9612,39.839871,-82.81610699999999,614-545-7900,0.0,21
60622c42-1e5f-3c95-8acf-350b8319f348,JOINT IMPLANT SURGEONS  INC.,7277 SMITHS MILL RD,NEW ALBANY,OH,43054-8195,40.083073,-82.798908,614-221-6331,0.0,32
bb8d080b-5a6a-30c1-bf1a-d04e119842bc,OSU SURGERY  LLC,460 W 10TH AVE,COLUMBUS,OH,43210-1240,39.983784,-82.986659,614-293-2101,0.0,43
cfc5c92c-96bb-3789-ba28-909aebfb9591,MOUNT CARMEL HEALTHPROVIDERS TWO LLC,5969 E BROAD ST,COLUMBUS,OH,43213-1545,39.983784,-82.986659,614-234-0444,0.0,25
e1b5dea4-739d-3da7-8e24-32f09d0f816d,MOUNT CARMEL HEALTHPROVIDERS TWO LLC,7901 DILEY RIDGE RD,CANAL WINCHESTER,OH,43110-9612,39.839871,-82.81610699999999,614-920-3410,0.0,62
9ba6c4f5-c79c-3946-8ecd-39ce2b6f6b5c,OHIOHEALTH CORPORATION,300 POLARIS PKWY,WESTERVILLE,OH,43082-7989,40.1168,-82.917456,,0.0,20
108fcba9-ac3b-313e-859a-c1f1c4a6bbb7,OHIOHEALTH CORPORATION,2030 STRINGTOWN RD,GROVE CITY,OH,43123-3993,39.866504,-83.066418,614-486-2000,0.0,34
d4cbefd0-b156-32d5-8b61-cb2ca35eb2a9,RADIOLOGY INCORPORATED,500 S CLEVELAND AVE,WESTERVILLE,OH,43081-8971,40.1168,-82.917456,614-898-8378,0.0,21
c152be2c-276f-3cb3-bba8-4a0710244fd1,MOUNT CARMEL HEALTHPROVIDERS INC,7100 GRAPHICS WAY,LEWIS CENTER,OH,43035-1122,40.286559,-83.07486,740-953-4100,0.0,10
9156aecf-2623-3d2b-9c2a-c4ec67b807f6,OHIOHEALTH CORPORATION,765 N HAMILTON RD,GAHANNA,OH,43230-8703,40.036747,-82.879862,614-566-8691,0.0,91
22dc3757-c369-3891-8213-9a05597af513,MOUNT CARMEL HEALTHPROVIDERS TWO LLC,7901 DILEY RD,CANAL WINCHESTER,OH,43110-9612,39.839871,-82.81610699999999,,0.0,97
e83d5d6c-2d3a-370f-9b2b-93dae2ba1dfd,AT YOUR DOOR VISITING HEALTHCARE SERVICES LLC,5665 SUGARWOOD DR,NEW ALBANY,OH,43054-7003,40.083073,-82.798908,614-284-4114,0.0,35
ef6615ea-7b48-3ca2-9265-501f89987ef0,OSU INTERNAL MEDICINE  LLC,1145 OLENTANGY RIVER RD,COLUMBUS,OH,43212-3117,39.983784,-82.986659,614-293-5066,0.0,40
f6531660-294c-3fd7-8ee9-864902dceee3,MOUNT CARMEL HEALTHPROVIDERS TWO LLC,5350 N MEADOWS DR,GROVE CITY,OH,43123-2546,39.866504,-83.066418,,0.0,34
19e5b25f-7900-3ccd-abe9-c9ada5c40c8d,OHIOHEALTH CORPORATION,3555 OLENTANGY RIVER RD,COLUMBUS,OH,43214-3912,39.983784,-82.986659,614-533-5500,0.0,52
2df1a8ce-9cea-3b48-b858-f199c7ede607,MOUNT CARMEL HEALTH SYSTEM,3000 MEADOW POND CT,GROVE CITY,OH,43123-9827,39.866504,-83.066418,614-871-7130,0.0,29
b7e1a017-b1e5-391d-a75e-6b9636542a0b,MIDWEST BREAST AND AESTHETIC SURGERY INC,7450 HOSPITAL DR,DUBLIN,OH,43016-9635,40.111304,-83.14431400000001,855-687-6227,0.0,14
dac07312-c4e4-3df5-97bb-a169c6bf7e34,MINUTECLINIC DIAGNOSTIC OF OHIO LLC,1100 HILL RD N,PICKERINGTON,OH,43147-8659,39.890963,-82.7717,866-389-2727,0.0,13
16fa0caf-44d1-3ea9-ac9c-213dbf42362c,OHIOHEALTH CORPORATION,3705 OLENTANGY RIVER RD,COLUMBUS,OH,43214-3467,39.983784,-82.986659,,0.0,98
362638bf-99b2-3d94-be6b-8f551fe77546,WEDGEWOOD URGENT CARE  LTD,444 N CLEVELAND AVE,WESTERVILLE,OH,43082-8388,40.1168,-82.917456,614-839-1118,0.0,84
285fb885-2098-3a65-98cf-8a39cdb0fed1,CENTRAL OHIO PRIMARY CARE PHYSICIANS  INC.,874 PROPRIETORS RD,WORTHINGTON,OH,43085-3152,40.096813,-83.020174,614-885-9405,0.0,122
4e33fc21-a7b9-3971-b3ee-801e646aaf5b,MOUNT CARMEL HEALTHPROVIDERS TWO LLC,495 COOPER RD,WESTERVILLE,OH,43081-8736,40.1168,-82.917456,614-882-2581,0.0,69
e2d216ac-55f1-3549-a9d9-44c0ca6b08ce,PCP294051,439 E WILSON BRIDGE RD,WORTHINGTON,OH,43085-2320,40.096813,-83.020174,614-781-1749,0.0,82
adcec148-8ca4-3510-b845-71b72df31765,RADIOLOGY INCORPORATED,11925 LITHOPOLIS RD NW,CANAL WINCHESTER,OH,43110-9585,39.839871,-82.81610699999999,614-837-6363,0.0,32
dc747ca3-7b51-308d-ae18-353a7102287f,AMERICAN HEALTH NETWORK OF OHIO LLC,3154 PARK ST,GROVE CITY,OH,43123-3222,39.866504,-83.066418,614-875-0011,0.0,74
6102891e-67df-30b8-ad85-9a65c1687a6d,MINUTECLINIC DIAGNOSTIC OF OHIO LLC,620 S CLEVELAND AVE,WESTERVILLE,OH,43081-8970,40.1168,-82.917456,866-389-2727,0.0,80
138052bf-cea1-326a-bb34-6c6b180c7e0d,MOUNT CARMEL HEALTHPROVIDERS INC,641 HILL RD N A,PICKERINGTON,OH,43147-8730,39.890963,-82.7717,614-898-0150,0.0,31
8ab1014f-337c-368a-9e98-d9e4e3c2fd80,CENTRAL OHIO PRIMARY CARE PHYSICIANS  INC.,3535 FISHINGER BLVD,HILLIARD,OH,43026-7560,40.037608,-83.14972900000001,614-527-2562,0.0,100
81ccf8f5-f7ef-339d-aa5b-f14f7e7ad468,CENTRAL OHIO PRIMARY CARE PHYSICIANS  INC.,5070 BRADENTON AVE,DUBLIN,OH,43017-3520,40.111304,-83.14431400000001,614-764-1777,0.0,60
9ea1ad89-6901-3159-bc18-5b57b87bb86b,RADIOLOGY INCORPORATED,6488 E MAIN ST,REYNOLDSBURG,OH,43068-7310,39.959583,-82.79555400000001,614-326-2672,0.0,77
0f6a057e-ade1-3cfa-8bb0-f84635a8b9f6,OHIOHEALTH CORPORATION,340 E TOWN ST,COLUMBUS,OH,43215-4677,39.983784,-82.986659,614-566-8570,0.0,74
c152dc95-3a12-308f-86e6-89c98c17d475,AT YOUR DOOR VISITING HEALTHCARE SERVICES LLC,8160 DUSTIN RD,GALENA,OH,43021-9776,40.226794,-82.878881,614-284-4114,0.0,312
1ebc56cd-7286-3fdb-b223-a76ba4985251,OHIOHEALTH CORPORATION,4343 ALL SEASONS DR,HILLIARD,OH,43026-1952,40.037608,-83.14972900000001,614-544-1100,0.0,39
29dab2f7-dbfe-3f83-84f4-79726d8e7ac3,COLUMBUS NEIGHBORHOOD HEALTH CENTER INC,3433 AGLER RD,COLUMBUS,OH,43219-3389,39.983784,-82.986659,614-645-1600,0.0,29
96d790e5-1d69-35e6-9629-3b296f4019d6,OHIOHEALTH CORPORATION,6905 HOSPITAL DR,DUBLIN,OH,43016-9601,40.111304,-83.14431400000001,614-544-8150,0.0,6
3d5bdf22-a0e6-3835-9b15-b7808e682735,AMERICAN NEUROMONITORING ASSOCIATES  PC,6356 SKIPPING STONE DR,NEW ALBANY,OH,43054-5024,40.083073,-82.798908,734-213-3947,0.0,37
1a4ea718-c453-3dc0-823c-74b66a83245d,MOUNT CARMEL HEALTHPROVIDERS INC,4310 CLIME RD,COLUMBUS,OH,43228-3496,39.983784,-82.986659,614-274-7799,0.0,37
d9c4a960-d576-3656-bc07-e2100f07c02c,PCP302084,450 ALKYRE RUN,WESTERVILLE,OH,43082-6923,40.1168,-82.917456,,0.0,40
56197620-8e49-3bec-86f4-2be20e2eef53,OHIOHEALTH CORPORATION,1797 HILL N RD,PICKERINGTON,OH,43147-7996,39.890963,-82.7717,614-833-6002,0.0,77
d75b7b67-8adf-375f-9fb2-75f9ceb7d54d,HCR MANOR CARE MEDICAL SERVICES OF FLORIDA LLC,4075 W DUBLIN GRANVILLE RD,DUBLIN,OH,43017-1436,40.111304,-83.14431400000001,614-210-0541,0.0,25
ee20b27f-e657-324a-aeef-f4d51ab4f0b3,MOUNT CARMEL HEALTHPROVIDERS TWO LLC,955 EASTWIND DR,WESTERVILLE,OH,43081-3376,40.1168,-82.917456,888-444-1203,0.0,19
8dcee3f5-84f8-3a2b-84e7-1868100f64e6,MOUNT CARMEL HEALTHPROVIDERS INC,5345 HENDRON RD,GROVEPORT,OH,43125-1055,39.857074,-82.890333,614-835-0070,0.0,237
b6100ca5-11a9-36ec-9532-ed0fe0e926fb,ACCELERATED REHABILITATION CENTERS LTD,1797 HILL RD N,PICKERINGTON,OH,43147-7997,39.890963,-82.7717,614-494-0140,0.0,53
2f7709d4-6378-3bed-8aa9-fdcf5b5a8802,OHIOHEALTH CORPORATION,990 GALLOWAY RD,GALLOWAY,OH,43119-8293,39.952952,-83.13202,614-533-6770,0.0,349
c581349d-01fc-3e23-a38f-dc2b1323ebf1,MOUNT CARMEL HEALTHPROVIDERS TWO LLC,750 MOUNT CARMEL MALL,COLUMBUS,OH,43222-1574,39.983784,-82.986659,614-228-4616,0.0,50
187346a7-ab96-310d-aa9f-78dba9798509,OHIOHEALTH CORPORATION,7430 E BROAD ST,BLACKLICK,OH,43004-9655,39.959583,-82.79555400000002,614-864-8000,0.0,264
7b7e2603-b36e-37da-9e72-9d75b7897ec2,OSU SURGERY  LLC,300 W 10TH AVE,COLUMBUS,OH,43210-1280,39.983784,-82.986659,614-293-5066,0.0,32
8af86e59-1697-3dd7-93bb-7a103d16ca4c,PRACTICE MANAGEMENT ASSOCIATES LLC,6434 E MAIN ST,REYNOLDSBURG,OH,43068-7300,39.959583,-82.79555400000001,614-868-2669,0.0,41
6dac9d54-60e2-3664-8ac6-e79ab924ab8a,OHIOHEALTH CORPORATION,6905 HOSPITAL DR,DUBLIN,OH,43016-9600,40.111304,-83.14431400000001,,0.0,13
30fdb6b4-5036-3bf7-8642-0adff3b9f64d,AT YOUR DOOR VISITING HEALTHCARE SERVICES LLC,4000 LAKEVIEW XING,GROVEPORT,OH,43125-9059,39.857074,-82.890333,614-284-4114,0.0,354
1b7aedb0-5bb4-3aa1-be34-e9aa7f27d940,VIRTUAL RADIOLOGIC PROFESSIONALS  LLC,6303 BELVEDERE GREEN BLVD,DUBLIN,OH,43016-8584,40.111304,-83.14431400000001,952-595-1100,0.0,49
b39e79c0-a6c7-36b1-a717-0e39309119b2,PCP313691,899 E BROAD ST,COLUMBUS,OH,43205-2592,39.983784,-82.986659,,0.0,37
47289a4d-84ec-39ec-a896-5200fffcba3f,ORTHOPEDIC ONE  INC.,4606 SAWMILL RD,UPPER ARLINGTON,OH,43220-2247,40.027587,-83.070722,614-827-8700,0.0,134
9bb66565-b77a-3787-8c00-4317a741e267,MINUTECLINIC DIAGNOSTIC OF OHIO LLC,1885 W HENDERSON RD,UPPER ARLINGTON,OH,43220-2501,40.027587,-83.070722,866-389-2727,0.0,162
b6423231-4262-3602-8006-41b8f2bc96ef,ATHLETIC MEDICAL SOLUTIONS LLC,2222 STRINGTOWN RD,GROVE CITY,OH,43123-2929,39.866504,-83.066418,614-871-2273,0.0,19
6aec5caa-46a9-332b-8991-d20248c76c38,OHIOHEALTH CORPORATION,4343 ALL SEASONS DR,HILLIARD,OH,43026-1952,40.037608,-83.14972900000001,614-486-2000,0.0,35
d6c5d432-9be2-3ead-b356-e50534c22761,OHIOHEALTH CORPORATION,10401 SAWMILL PKWY,POWELL,OH,43065-7451,40.168677,-83.078774,,0.0,72
6bfec00c-a3c0-3d56-b222-a398887ac18a,MINUTECLINIC DIAGNOSTIC OF OHIO LLC,918 HIGH ST,WORTHINGTON,OH,43085-4110,40.096813,-83.020174,866-389-2727,0.0,234
065454c1-f232-3b9e-81a7-91a7400c304c,MINUTECLINIC DIAGNOSTIC OF OHIO LLC,3488 SELDOM SEEN RD,POWELL,OH,43065-8405,40.168677,-83.078774,866-389-2727,0.0,8
8a993f10-60a9-3076-a57a-861bbc864bb0,MOUNT CARMEL HEALTHPROVIDERS TWO LLC,7901 DILEY RD,CANAL WINCHESTER,OH,43110-9612,39.839871,-82.81610699999999,614-920-3410,0.0,80
f4a66c4f-9b06-3f6a-a64d-c20bcf59fd14,PCP315909,1000 HIGH ST I,WORTHINGTON,OH,43085-4044,40.096813,-83.020174,,0.0,87
caa6f34b-67fb-39ff-8f5b-02b1b9ce25c4,OSU INTERNAL MEDICINE  LLC,3651 RIDGE MILL DR,HILLIARD,OH,43026-7752,40.037608,-83.14972900000001,614-688-9230,0.0,41
2591811b-49fb-3356-940a-339fabc0c8fc,OHIOHEALTH CORPORATION,4191 KELNOR AV,GROVE CITY,OH,43123-3990,39.866504,-83.066418,614-875-6349,0.0,132
6e821648-0d39-3587-b0e3-d53dec35b3bf,OHIOHEALTH CORPORATION,300 POLARIS PKWY,WESTERVILLE,OH,43082-7993,40.1168,-82.917456,614-566-9777,0.0,82
dfb62b49-5bbf-376e-96e6-65550697e8eb,CENTRAL OHIO PRIMARY CARE PHYSICIANS  INC.,801 EASTWIND DR,WESTERVILLE,OH,43081-3303,40.1168,-82.917456,614-882-9460,0.0,65
758552d0-1e93-3c0f-a55c-78c70dac6868,CENTRAL OHIO PRIMARY CARE PHYSICIANS  INC.,3382 PARIS BLVD,WESTERVILLE,OH,43081-4260,40.1168,-82.917456,614-882-2521,0.0,28
9663844a-a75e-3436-b8b4-005248106bf4,PERSONAL MD  LLC,5121 FOREST DR,NEW ALBANY,OH,43054-7102,40.083073,-82.798908,614-933-9100,0.0,102
5c3cc14d-3e6c-3daf-b992-65130388f90b,OHIOHEALTH CORPORATION,285 E STATE ST,COLUMBUS,OH,43215-4359,39.983784,-82.986659,614-566-9380,0.0,20
1cf2604d-48e4-374d-96c8-bc52b08e441f,MOUNT CARMEL HEALTHPROVIDERS TWO LLC,2760 AIRPORT DR,COLUMBUS,OH,43219-2290,39.983784,-82.986659,614-586-0668,0.0,32
6e7a4208-0cb3-36ef-b694-ffa8402e6eca,FAMILY FIRST VISION CARE LLC,1584 STRINGTOWN RD,GROVE CITY,OH,43123-9832,39.866504,-83.066418,614-871-4016,0.0,38
e15aace0-a6aa-3dd7-897f-6b9bbb8d0f9f,AT YOUR DOOR VISITING HEALTHCARE SERVICES LLC,6620 WORTHINGTON GALENA RD,WORTHINGTON,OH,43085-2640,40.096813,-83.020174,614-284-4114,0.0,103
ce7db01d-e9ff-39df-8fe9-9f5cd11ffeb3,CENTRAL OHIO PRIMARY CARE PHYSICIANS  INC.,6201 GENDER RD,CANAL WINCHESTER,OH,43110-2007,39.839871,-82.81610699999999,614-834-8042,0.0,40
014308a1-a7b8-32de-8e0f-a75220d56d14,TAKE CARE HEALTH OHIO  INC.,5690 W BROAD ST,GALLOWAY,OH,43119-8127,39.952952,-83.13202,855-925-4733,0.0,551
2c33195f-6813-3ee5-8e3d-0bbc2dd61fb6,OSU HEALTH SYSTEM NEUROSURGERY,300 W 10TH AVE,COLUMBUS,OH,43210-1280,39.983784,-82.986659,614-293-4448,0.0,34
c7c5c114-dcab-35e4-b9cf-f6f86ef5d8d6,OHIOHEALTH CORPORATION,2014 STATE ROUTE 256,REYNOLDSBURG,OH,43068-3261,39.959583,-82.79555400000001,614-533-6440,0.0,53
d4e5a62b-1550-3424-96aa-f87abe3370c0,OHIOHEALTH CORPORATION,4343 ALL SEASONS DR,HILLIARD,OH,43026-1952,40.037608,-83.14972900000001,614-544-1155,0.0,41
18520c23-2b5c-3e32-846a-999254fba96f,RADIOLOGY PHYSICIAN SOLUTIONS OF NORTH FLORIDA  LLC,1178 ELKHORN DR,BLACKLICK,OH,43004-8126,39.959583,-82.79555400000002,800-437-2672,0.0,304
d09e4467-b9af-3b08-8463-05d6d4379455,OHIOHEALTH CORPORATION,2030 STRINGTOWN RD,GROVE CITY,OH,43123-3993,39.866504,-83.066418,614-544-0011,0.0,63
565e4273-03f2-3737-ac85-548f697e1082,OHIOHEALTH CORPORATION,504 HAVENS CORNERS RD,GAHANNA,OH,43230-8104,40.036747,-82.879862,,0.0,33
e58b634a-86de-36b8-bfa5-3ed17f441d06,CENTRAL OHIO PRIMARY CARE PHYSICIANS  INC.,2061 STRINGTOWN RD,GROVE CITY,OH,43123-2930,39.866504,-83.066418,614-457-7732,0.0,59
28ee52c5-80c7-3a0e-a8e1-60c6fc0f2ad8,OHIOHEALTH CORPORATION,300 POLARIS PKWY,WESTERVILLE,OH,43082-7808,40.1168,-82.917456,614-533-5500,0.0,53
6ef75ba8-6ab8-3fbe-872b-606b1911ae39,URGENT CARE SPECIALISTS LLC,3813 S HAMILTON RD,GROVEPORT,OH,43125-9330,39.857074,-82.890333,937-252-2000,0.0,201
3ed3443f-9222-34f4-9414-fd66f9a876ba,OHIOHEALTH CORPORATION,1509 STONECREEK S DR,PICKERINGTON,OH,43147-9836,39.890963,-82.7717,614-533-5400,0.0,59
36e0545b-ab7b-369c-ab66-70aceecd90dd,PCP329830,7644 CONLEY LN,DUBLIN,OH,43016-8024,40.111304,-83.14431400000001,,0.0,35
83fe76a8-b0d7-311a-b77a-8adcdbb75590,FANDS RADIOLOGY PC,1178 ELKHORN DR,BLACKLICK,OH,43004-8126,39.959583,-82.79555400000002,855-292-1401,0.0,285
dc929f05-b607-3721-b37e-ba92347fd812,WINCHESTER VISION CARE INC,6472 WINCHESTER BLVD,CANAL WINCHESTER,OH,43110-2004,39.839871,-82.81610699999999,614-837-9595,0.0,34
fa973c0d-5a97-3a98-88a9-34775457bf21,MINUTECLINIC DIAGNOSTIC OF OHIO LLC,9151 S OLD STATE RD,LEWIS CENTER,OH,43035-9496,40.286559,-83.07486,866-389-2727,0.0,48
9630a19d-0304-360d-b613-d9f81f1b8f70,OHIOHEALTH CORPORATION,3705 OLENTANGY RIVER RD,COLUMBUS,OH,43214-3467,39.983784,-82.986659,614-262-6772,0.0,51
b80c9dd4-c785-3d8e-9afb-8fd627d45630,ACCELERATED REHABILITATION CENTERS LTD,7344 FODOR RD,NEW ALBANY,OH,43054-8336,40.083073,-82.798908,614-855-2570,0.0,26
c59a9ad8-b343-344c-bdfe-6853cfa761df,OHIOHEALTH CORPORATION,260 POLARIS PKWY,WESTERVILLE,OH,43082-8019,40.1168,-82.917456,614-533-3470,0.0,36
14f435a7-745a-3f89-9218-5a090cafb425,OHIO CENTERS FOR HAND AND PHYSICAL REHABILITATION LLC,1590 STRINGTOWN RD,GROVE CITY,OH,43123-9832,39.866504,-83.066418,614-594-5341,0.0,22
3baf1278-d66c-34f4-b26a-784a1295127b,PCP338228,28 E WATERLOO ST,CANAL WINCHESTER,OH,43110-1138,39.839871,-82.81610699999999,,0.0,89
1fdffc69-4823-3b5e-85ae-81ec654d543c,OHIOHEALTH CORPORATION,3535 FISHINGER BLVD,HILLIARD,OH,43026-7505,40.037608,-83.14972900000001,614-777-9250,0.0,38
0557b201-528c-30c5-bbae-cec947a8af10,WELLQOR PSYCHOLOGICAL SERVICES OF CALIFORNIA  PC,3500 RIVERSIDE DR,UPPER ARLINGTON,OH,43221-1753,40.027587,-83.070722,614-457-3500,0.0,226
976dfa45-9010-3494-a506-d756fb6e8488,AT YOUR DOOR VISITING HEALTHCARE SERVICES LLC,775 E JOHNSTOWN RD,GAHANNA,OH,43230-2115,40.036747,-82.879862,614-284-4114,0.0,38
0f5a18e4-9b6b-3e0f-9ac2-1124d3171dd4,OHIOHEALTH CORPORATION,6314 SCIOTO DARBY RD,HILLIARD,OH,43026-9726,40.037608,-83.14972900000001,614-533-6760,0.0,63
d6cfb35d-172d-3fa9-b08b-afe81ab67948,PCP344046,5692 GLENBERVIE CT,DUBLIN,OH,43017-9774,40.111304,-83.14431400000001,614-577-1077,0.0,52
ad3a2aa3-032d-3f94-8772-96cc9fce87c6,OHIO CENTERS FOR HAND AND PHYSICAL REHABILITATION LLC,5257 NIKE STATION WAY,HILLIARD,OH,43026-7449,40.037608,-83.14972900000001,614-541-4063,0.0,26
fae599d8-b37f-3891-ad19-6c22b86fce6b,PCP344259,495 COOPER RD,WESTERVILLE,OH,43081-8734,40.1168,-82.917456,,0.0,29
32ec310b-01d7-3acb-9f28-00cf2a2f44a5,CENTRAL OHIO PRIMARY CARE PHYSICIANS  INC.,3440 RIVERSIDE DR,UPPER ARLINGTON,OH,43221-1743,40.027587,-83.070722,614-459-0077,0.0,66
25690cae-6731-3001-af5c-ee3e74d94211,OHIOHEALTH CORPORATION,5131 BEACON HILL RD,COLUMBUS,OH,43228-4442,39.983784,-82.986659,614-294-1603,0.0,74
50f0adb2-4ba5-351d-9d8a-efebb37b37fc,PCP345023,4773 CEMETERY RD,CARROLL,OH,43112,39.799059,-82.703836,,0.0,68
00b216c1-fdf2-33be-928b-8617245f6f2e,PCP345470,4176 KELNOR DR,GROVE CITY,OH,43123-2959,39.866504,-83.066418,,0.0,48
e37340db-a2b3-355d-8ff7-e43fbf2ecc0e,OHIOHEALTH CORPORATION,5193 W BROAD ST,COLUMBUS,OH,43228-1606,39.983784,-82.986659,614-544-1450,0.0,32
218421e0-ed37-32c4-9bf9-38566ad5e3e8,OHIOHEALTH CORPORATION,285 E STATE ST,COLUMBUS,OH,43215-4322,39.983784,-82.986659,614-828-4241,0.0,23
ea4f3e18-8409-37af-8785-c807e3edfd3c,OHIOHEALTH CORPORATION,111 S GRANT AVE 3RD FL,COLUMBUS,OH,43215-1898,39.983784,-82.986659,614-566-9871,0.0,33
8f812c1a-3797-36c1-98f1-5d685b3f77d6,AMERICAN HEALTH NETWORK OF OHIO LLC,4068 GANTZ RD,GROVE CITY,OH,43123-4816,39.866504,-83.066418,614-794-5069,0.0,54
f83796d3-1664-3e6f-9d56-8f5b2e3b3b16,STEP LIVELY FOOT AND ANKLE CENTERS,6670 PERIMETER DR,DUBLIN,OH,43016-8058,40.111304,-83.14431400000001,614-339-2000,0.0,50
7f28ab5e-17fd-36a8-b704-02b4fd6f23a6,PCP351594,6075 E BROAD ST,COLUMBUS,OH,43213-1549,39.983784,-82.986659,,0.0,35
2e167580-1ae2-3022-bdaa-f9d0968d4c7c,ACCELERATED REHABILITATION CENTERS LTD,10262 SAWMILL PKWY,POWELL,OH,43065-9189,40.168677,-83.078774,614-791-0700,0.0,59
2ba28ff4-fb06-3c71-8b8f-89f02c344456,OHIOHEALTH CORPORATION,300 POLARIS PKWY,WESTERVILLE,OH,43082-7808,40.1168,-82.917456,614-533-3280,0.0,58
563d3964-8852-3474-a763-93130380df78,PCP355037,161 S LIBERTY ST,POWELL,OH,43065-7619,40.168677,-83.078774,,0.0,22
e7dff4e7-5de6-3d14-b90a-baed7f626d12,HCR MANOR CARE MEDICAL SERVICES OF FLORIDA LLC,140 OLD COUNTY LINE RD,WESTERVILLE,OH,43081-1002,40.1168,-82.917456,614-882-1511,0.0,38
6bd8cd08-2a08-321f-a698-ef471cfa00f0,OHIOHEALTH CORPORATION,151 CLINT DR,PICKERINGTON,OH,43147-7749,39.890963,-82.7717,,0.0,32
bd4b5346-6c0c-3eff-a446-7bf499d1f2a8,WELLQOR PSYCHOLOGICAL SERVICES OF CALIFORNIA  PC,690 COOPER RD,WESTERVILLE,OH,43081-8919,40.1168,-82.917456,614-259-2849,0.0,46
1ebe516a-5f1c-3e2b-bcb0-9caafb7f873d,PCP358631,1699 W LANE AVE,UPPER ARLINGTON,OH,43221-3339,40.027587,-83.070722,,0.0,100
8fdaff6a-e79d-30bb-bfc0-f169bcb179d9,CONSULTANT ANESTHESIOLOGISTS INC.,955 EASTWIND DR,WESTERVILLE,OH,43081-3376,40.1168,-82.917456,614-552-0061,0.0,34
8cb4f4ac-a416-3a79-9bea-c0268447c722,FANDS RADIOLOGY PC,4245 HICKORY ROCK DR,POWELL,OH,43065-7334,40.168677,-83.078774,855-292-1401,0.0,58
d49f4f24-3152-3d1c-b7f7-4d1cf9528fe4,OHIOHEALTH CORPORATION,7450 HOSPITAL DR,DUBLIN,OH,43016-9641,40.111304,-83.14431400000001,,0.0,38
